giorno;ora UTC*;Pioggia mm;Temp. gradi C;Umidita' %;Vento med km/h;Direzione Vento gradi N;Vento max km/h;Direzione Vento max gradi N;Radiaz. KJ/m2;Pressione hPa;Bagnatura Fogliare min.
1;1.00;0.0;14.7;40;18;78;39;-;41;983.5;-
1;2.00;0.0;14.2;41;15;92;32;-;41;983.5;-
1;3.00;0.0;13.9;42;15;82;33;-;41;983.5;-
1;4.00;0.0;13.8;42;16;79;33;-;41;983.9;-
1;5.00;0.0;13.1;44;16;91;37;-;50;984.0;-
1;6.00;0.0;13.9;45;17;70;33;-;280;984.0;-
1;7.00;0.0;15.7;40;18;76;42;-;945;984.0;-
1;8.00;0.0;17.4;37;17;74;38;-;1660;984.4;-
1;9.00;0.0;19.0;33;21;74;46;-;2268;984.4;-
1;10.00;0.0;20.0;31;23;82;53;-;2695;984.4;-
1;11.00;0.0;21.3;28;19;77;48;-;2922;984.0;-
1;12.00;0.0;21.7;26;18;62;39;-;2949;983.5;-
1;13.00;0.0;22.0;24;17;58;42;-;2768;983.0;-
1;14.00;0.0;22.4;23;16;61;36;-;2363;982.5;-
1;15.00;0.0;22.4;24;14;88;35;-;1801;982.1;-
1;16.00;0.0;21.4;26;14;72;32;-;1144;981.6;-
1;17.00;0.0;19.5;28;14;88;32;-;447;982.1;-
1;18.00;0.0;17.5;35;14;78;28;-;71;982.5;-
1;19.00;0.0;16.5;40;14;92;30;-;41;983.5;-
1;20.00;0.0;15.7;44;14;83;28;-;41;984.0;-
1;21.00;0.0;14.9;47;15;66;32;-;41;984.0;-
1;22.00;0.0;14.0;50;14;90;29;-;41;984.0;-
1;23.00;0.0;13.5;53;13;81;27;-;41;984.0;-
1;24.00;0.0;13.5;53;14;76;29;-;41;983.5;-
2;1.00;0.0;12.9;55;14;79;31;-;41;983.5;-
2;2.00;0.0;12.5;56;13;74;28;-;41;983.0;-
2;3.00;0.0;11.8;58;11;99;23;-;41;983.0;-
2;4.00;0.0;11.2;59;12;98;23;-;41;983.0;-
2;5.00;0.0;11.0;59;13;93;22;-;58;983.0;-
2;6.00;0.0;12.0;57;12;96;22;-;296;983.0;-
2;7.00;0.0;14.8;48;14;96;27;-;964;982.5;-
2;8.00;0.0;16.6;42;17;87;33;-;1644;983.0;-
2;9.00;0.0;18.4;38;14;97;32;-;2169;982.6;-
2;10.00;0.0;20.4;33;10;141;27;-;2554;982.1;-
2;11.00;0.0;21.2;29;8;242;20;-;2667;982.1;-
2;12.00;0.0;20.4;29;12;229;21;-;2753;981.6;-
2;13.00;0.0;19.1;32;11;260;22;-;2068;981.1;-
2;14.00;0.0;18.8;32;12;219;22;-;1881;981.1;-
2;15.00;0.0;19.0;25;11;195;21;-;1354;-;-
2;16.00;0.0;17.8;35;9;239;15;-;728;980.6;-
2;17.00;0.0;16.2;42;7;286;14;-;342;980.6;-
2;18.00;0.0;13.8;48;3;65;8;-;71;980.6;-
2;19.00;0.0;12.2;55;5;103;9;-;42;981.1;-
2;20.00;0.0;11.5;58;8;87;12;-;42;980.6;-
2;21.00;0.0;11.0;63;6;90;10;-;41;980.6;-
2;22.00;0.0;10.5;69;6;99;8;-;42;980.6;-
2;23.00;0.0;9.8;75;4;77;8;-;42;981.1;-
2;24.00;0.0;8.9;76;4;71;9;-;42;980.6;-
3;1.00;0.0;8.0;80;7;105;12;-;42;980.1;-
3;2.00;0.0;8.8;88;7;145;15;-;42;979.6;-
3;3.00;0.2;8.3;92;6;127;11;-;42;979.2;-
3;4.00;0.0;9.0;89;9;135;20;-;42;979.2;-
3;5.00;1.4;9.7;98;12;103;24;-;44;978.2;-
3;6.00;0.0;10.1;97;12;93;24;-;159;978.2;-
3;7.00;0.0;11.5;95;8;274;18;-;336;978.7;-
3;8.00;0.0;12.7;84;6;236;13;-;906;979.2;-
3;9.00;0.0;15.2;71;8;203;19;-;1849;979.0;-
3;10.00;0.0;15.7;58;13;219;27;-;2129;978.7;-
3;11.00;0.0;15.7;58;8;278;25;-;1808;978.2;-
3;12.00;0.0;14.7;63;6;284;16;-;882;977.7;-
3;13.00;0.8;13.6;80;9;246;22;-;1031;977.7;-
3;14.00;0.0;15.5;59;12;246;29;-;2303;976.8;-
3;15.00;0.0;14.6;54;9;283;20;-;1679;976.8;-
3;16.00;0.0;14.0;57;5;294;11;-;592;976.3;-
3;17.00;0.0;13.7;53;4;353;9;-;355;975.8;-
3;18.00;0.0;11.1;63;-;99;-;-;67;975.8;-
3;19.00;0.0;12.2;69;9;142;28;-;42;976.3;-
3;20.00;0.0;12.5;64;10;186;21;-;42;976.3;-
3;21.00;0.0;12.5;66;8;169;19;-;42;975.8;-
3;22.00;0.0;12.7;67;12;149;28;-;42;975.8;-
3;23.00;0.0;12.8;72;19;151;41;-;42;975.3;-
3;24.00;0.0;12.6;77;18;166;38;-;42;974.8;-
4;1.00;0.0;12.5;79;14;148;30;-;42;974.3;-
4;2.00;0.0;12.3;80;15;158;31;-;42;973.8;-
4;3.00;0.0;-;78;15;155;33;-;42;973.4;-
4;4.00;0.0;12.1;80;16;163;31;-;42;972.9;-
4;5.00;0.0;11.9;83;13;148;38;-;43;972.5;-
4;6.00;0.0;12.4;81;19;149;42;-;136;972.4;-
4;7.00;0.0;12.4;72;23;148;50;-;248;971.9;-
4;8.00;0.0;13.8;68;22;155;45;-;684;971.9;-
4;9.00;0.0;13.9;71;22;152;46;-;653;972.0;-
4;10.00;0.0;16.9;60;28;161;51;-;2850;971.9;-
4;11.00;0.0;16.7;58;22;167;48;-;1983;971.4;-
4;12.00;0.0;16.0;58;27;163;52;-;1691;970.9;-
4;13.00;0.0;15.9;55;28;164;55;-;1570;970.4;-
4;14.00;0.0;17.8;52;23;162;51;-;1665;969.4;-
4;15.00;0.0;17.2;47;24;155;52;-;1664;968.9;-
4;16.00;0.0;15.8;51;24;173;53;-;592;968.9;-
4;17.00;0.0;15.0;57;22;148;49;-;123;968.4;-
4;18.00;0.0;14.4;65;22;159;47;-;52;968.5;-
4;19.00;0.0;14.2;71;21;143;46;-;42;968.1;-
4;20.00;0.0;14.1;70;18;94;48;-;42;967.5;-
4;21.00;0.0;13.5;75;15;99;33;-;42;967.5;-
4;22.00;0.0;13.1;77;14;112;32;-;41;967.5;-
4;23.00;0.0;13.0;79;11;101;26;-;41;967.6;-
4;24.00;0.0;13.5;77;11;93;28;-;42;967.0;-
5;1.00;0.0;13.6;71;13;154;50;-;41;966.6;-
5;2.00;1.4;11.8;89;10;87;31;-;41;966.5;-
5;3.00;2.6;11.1;98;8;159;21;-;42;965.7;-
5;4.00;7.4;9.0;98;10;275;31;-;42;966.0;-
5;5.00;5.4;8.5;98;7;187;18;-;42;967.0;-
5;6.00;3.8;7.8;98;9;91;24;-;64;967.5;-
5;7.00;1.6;8.1;98;3;100;7;-;208;967.5;-
5;8.00;1.4;8.4;98;6;141;14;-;337;968.0;-
5;9.00;0.4;8.9;98;4;121;10;-;405;968.5;-
5;10.00;1.2;8.1;99;6;219;19;-;359;969.4;-
5;11.00;0.4;8.4;98;6;316;15;-;650;970.3;-
5;12.00;0.2;9.8;96;4;153;11;-;1155;970.4;-
5;13.00;1.2;8.2;93;11;169;27;-;566;970.9;-
5;14.00;2.0;8.0;98;14;163;32;-;465;971.4;-
5;15.00;1.4;7.8;98;10;143;19;-;233;971.9;-
5;16.00;0.0;8.5;98;8;145;17;-;383;971.9;-
5;17.00;0.0;8.3;98;6;143;15;-;173;972.4;-
5;18.00;0.2;7.9;98;4;114;8;-;85;972.8;-
5;19.00;0.0;7.4;98;5;81;7;-;42;973.4;-
5;20.00;0.0;7.3;98;5;93;8;-;42;973.4;-
5;21.00;0.0;7.3;98;5;100;8;-;42;973.8;-
5;22.00;0.0;7.2;98;6;73;10;-;42;974.3;-
5;23.00;0.0;7.1;98;6;89;8;-;42;974.3;-
5;24.00;0.0;6.6;99;6;82;11;-;42;974.3;-
6;1.00;0.0;5.2;98;8;89;12;-;42;973.9;-
6;2.00;0.0;4.0;98;8;96;12;-;42;973.9;-
6;3.00;0.0;3.4;98;8;86;12;-;42;973.9;-
6;4.00;0.0;4.6;99;8;90;13;-;42;973.9;-
6;5.00;0.0;5.5;98;6;96;11;-;53;974.3;-
6;6.00;0.0;6.6;98;6;82;10;-;151;974.8;-
6;7.00;0.0;7.9;98;5;90;9;-;335;975.2;-
6;8.00;0.0;10.2;98;6;135;11;-;976;975.3;-
6;9.00;0.0;12.0;82;6;210;15;-;1918;975.3;-
6;10.00;0.0;12.2;75;5;174;15;-;877;975.3;-
6;11.00;0.0;13.3;71;4;201;14;-;1174;975.3;-
6;12.00;0.0;14.7;65;10;217;21;-;2972;975.3;-
6;13.00;0.0;12.8;73;9;237;17;-;1206;975.8;-
6;14.00;0.2;10.9;88;6;319;15;-;422;975.8;-
6;15.00;0.0;11.7;84;-;-;-;-;690;975.5;-
6;16.00;0.0;13.0;70;4;212;9;-;1308;975.3;-
6;17.00;0.0;12.6;71;3;320;6;-;455;975.3;-
6;18.00;0.0;10.8;82;4;68;9;-;93;975.3;-
6;19.00;0.0;8.7;89;6;110;10;-;42;975.3;-
6;20.00;0.0;7.5;97;7;91;11;-;42;975.3;-
6;21.00;0.0;6.7;98;9;103;12;-;42;975.3;-
6;22.00;0.0;6.4;98;10;105;14;-;42;975.2;-
6;23.00;0.0;5.9;98;9;98;12;-;42;974.8;-
6;24.00;0.0;5.7;99;9;105;13;-;42;974.3;-
7;1.00;0.0;5.3;99;10;99;14;-;42;974.2;-
7;2.00;0.0;5.5;98;9;102;15;-;42;973.8;-
7;3.00;0.0;5.1;98;10;103;14;-;42;973.3;-
7;4.00;0.0;5.0;98;10;99;15;-;42;972.9;-
7;5.00;0.0;4.6;99;10;79;16;-;57;972.8;-
7;6.00;0.0;6.3;98;9;89;16;-;250;972.8;-
7;7.00;0.0;11.0;91;8;93;18;-;984;973.4;-
7;8.00;0.0;12.7;71;6;118;14;-;840;973.3;-
7;9.00;0.0;14.2;49;6;180;18;-;1029;973.8;-
7;10.00;0.0;14.6;53;11;216;21;-;1733;973.8;-
7;11.00;0.0;13.9;54;10;249;19;-;1805;973.8;-
7;12.00;0.0;13.0;58;6;261;14;-;964;973.8;-
7;13.00;0.0;13.4;58;6;231;13;-;949;974.3;-
7;14.00;0.0;13.2;57;4;199;11;-;878;974.3;-
7;15.00;0.0;13.1;56;4;205;10;-;673;974.3;-
7;16.00;0.0;13.1;60;5;238;13;-;589;973.8;-
7;17.00;0.0;12.9;62;3;281;7;-;494;974.0;-
7;18.00;0.0;11.0;70;4;311;6;-;101;974.3;-
7;19.00;0.0;8.3;81;4;128;8;-;42;974.8;-
7;20.00;0.0;7.7;89;8;143;12;-;42;975.3;-
7;21.00;0.0;7.5;92;6;93;9;-;42;975.3;-
7;22.00;0.0;7.2;94;7;102;10;-;42;974.8;-
7;23.00;0.0;7.0;97;8;105;10;-;42;974.8;-
7;24.00;0.0;6.8;98;7;107;10;-;41;974.3;-
8;1.00;0.0;6.9;98;6;94;9;-;41;974.3;-
8;2.00;0.0;6.8;98;7;103;9;-;42;974.3;-
8;3.00;0.0;6.7;98;6;107;9;-;42;973.8;-
8;4.00;0.0;6.9;98;7;103;10;-;42;973.8;-
8;5.00;0.2;7.5;98;6;114;10;-;55;973.8;-
8;6.00;0.0;8.9;99;5;90;9;-;333;973.8;-
8;7.00;0.0;10.4;89;3;336;6;-;517;973.9;-
8;8.00;0.0;11.6;74;3;323;8;-;541;974.3;-
8;9.00;0.0;13.2;68;5;324;12;-;1135;974.3;-
8;10.00;0.0;14.0;70;6;56;13;-;1514;974.3;-
8;11.00;0.0;13.9;74;4;5;13;-;878;974.3;-
8;12.00;0.0;13.4;82;3;284;5;-;568;974.3;-
8;13.00;1.2;12.6;90;4;320;9;-;343;973.8;-
8;14.00;0.0;13.2;83;2;42;6;-;889;973.8;-
8;15.00;0.0;13.6;83;5;322;12;-;782;973.8;-
8;16.00;0.0;13.9;83;7;21;13;-;818;973.7;-
8;17.00;0.0;13.7;78;6;72;18;-;478;973.8;-
8;18.00;0.0;12.1;85;5;110;12;-;81;974.2;-
8;19.00;0.0;10.9;93;5;240;13;-;41;974.7;-
8;20.00;0.0;10.2;97;4;107;8;-;41;974.8;-
8;21.00;0.0;10.6;91;8;77;21;-;41;974.8;-
8;22.00;0.0;11.1;82;12;72;22;-;41;974.8;-
8;23.00;0.0;10.4;84;9;76;17;-;41;974.5;-
8;24.00;0.0;10.3;87;8;75;16;-;41;974.3;-
9;1.00;0.0;10.2;92;8;102;15;-;41;974.3;-
9;2.00;0.2;9.9;95;5;82;8;-;41;973.8;-
9;3.00;0.0;9.6;97;5;84;9;-;41;974.3;-
9;4.00;0.0;9.4;98;7;87;12;-;41;974.3;-
9;5.00;0.0;9.4;98;6;96;11;-;54;974.3;-
9;6.00;0.0;10.2;98;6;80;11;-;250;974.8;-
9;7.00;0.0;11.9;95;5;122;7;-;509;974.8;-
9;8.00;0.0;13.9;72;4;65;8;-;715;974.8;-
9;9.00;0.0;16.4;61;3;139;6;-;1544;975.3;-
9;10.00;0.0;15.2;63;5;265;10;-;749;975.3;-
9;11.00;0.2;14.5;73;4;321;9;-;551;975.3;-
9;12.00;0.0;16.3;57;9;14;25;-;1609;974.8;-
9;13.00;0.2;14.5;67;7;45;23;-;317;974.8;-
9;14.00;0.0;14.5;67;7;25;18;-;616;974.3;-
9;15.00;0.0;14.9;66;13;1;25;-;839;973.9;-
9;16.00;0.0;15.6;64;10;19;23;-;811;973.4;-
9;17.00;0.0;15.3;61;6;31;15;-;490;973.9;-
9;18.00;0.0;13.4;71;5;61;8;-;142;973.9;-
9;19.00;0.0;11.2;78;5;72;9;-;41;974.3;-
9;20.00;0.0;11.5;79;9;71;17;-;41;974.3;-
9;21.00;0.0;11.8;77;9;75;16;-;41;974.3;-
9;22.00;0.0;11.6;80;6;96;12;-;41;974.3;-
9;23.00;0.0;11.2;82;6;94;10;-;41;974.3;-
9;24.00;0.0;11.0;84;6;102;13;-;41;973.9;-
10;1.00;0.0;10.0;85;7;79;14;-;41;973.8;-
10;2.00;0.0;8.5;91;8;99;12;-;41;973.3;-
10;3.00;0.0;8.1;97;8;125;13;-;41;973.4;-
10;4.00;0.0;8.6;98;6;112;12;-;41;973.3;-
10;5.00;0.0;8.5;98;8;80;13;-;51;973.9;-
10;6.00;0.0;10.3;98;8;97;16;-;197;973.8;-
10;7.00;0.0;12.1;88;9;98;16;-;380;973.8;-
10;8.00;0.0;13.3;81;10;108;23;-;708;974.3;-
10;9.00;0.0;13.6;74;11;105;26;-;763;974.6;-
10;10.00;0.0;15.9;67;11;76;26;-;2062;974.4;-
10;11.00;0.0;16.6;63;11;50;24;-;2060;973.9;-
10;12.00;0.0;16.9;55;9;111;23;-;2411;973.4;-
10;13.00;0.0;16.5;57;6;112;19;-;1146;973.4;-
10;14.00;1.6;12.2;84;12;135;24;-;132;974.0;-
10;15.00;0.6;11.7;97;9;114;24;-;273;973.9;-
10;16.00;0.4;12.3;98;8;106;13;-;387;973.9;-
10;17.00;0.2;12.2;98;6;104;14;-;172;973.9;-
10;18.00;0.0;11.9;97;4;103;8;-;60;974.3;-
10;19.00;1.2;11.5;98;-;-;-;-;41;974.8;-
10;20.00;0.4;11.1;98;3;217;5;-;41;975.3;-
10;21.00;1.4;10.7;98;4;300;8;-;41;975.3;-
10;22.00;3.8;10.4;98;4;20;8;-;41;975.7;-
10;23.00;1.2;10.2;98;4;316;9;-;41;975.3;-
10;24.00;1.0;10.3;98;3;329;6;-;41;975.1;-
11;1.00;0.4;10.2;99;3;88;4;-;41;974.8;-
11;2.00;0.8;10.1;99;-;63;-;-;41;974.8;-
11;3.00;1.0;10.0;98;5;57;11;-;41;974.8;-
11;4.00;1.8;9.7;98;5;63;11;-;41;974.8;-
11;5.00;2.2;9.5;98;7;60;14;-;44;975.3;-
11;6.00;1.2;9.6;98;12;79;28;-;98;975.8;-
11;7.00;2.0;9.7;98;11;76;26;-;268;976.3;-
11;8.00;0.6;10.8;98;9;87;26;-;702;976.3;-
11;9.00;0.0;11.2;86;14;84;36;-;925;977.0;-
11;10.00;0.2;12.2;76;18;81;42;-;1214;977.3;-
11;11.00;0.0;11.5;77;18;88;48;-;1087;977.8;-
11;12.00;0.0;12.0;74;17;89;40;-;967;978.2;-
11;13.00;0.0;12.1;75;17;84;42;-;1121;978.2;-
11;14.00;0.0;12.0;77;18;91;38;-;963;978.2;-
11;15.00;0.0;11.6;77;16;89;36;-;704;978.3;-
11;16.00;0.0;11.1;74;18;85;44;-;512;978.2;-
11;17.00;0.0;10.4;74;18;86;44;-;211;978.2;-
11;18.00;0.0;10.0;74;20;92;40;-;70;978.6;-
11;19.00;0.0;9.7;74;21;91;54;-;41;979.2;-
11;20.00;0.0;9.4;76;22;83;46;-;41;979.7;-
11;21.00;0.0;9.5;75;21;87;47;-;41;979.7;-
11;22.00;0.0;9.3;76;20;85;47;-;41;979.9;-
11;23.00;0.0;9.3;74;20;81;43;-;41;979.7;-
11;24.00;0.0;9.1;75;22;88;46;-;41;979.7;-
12;1.00;0.0;8.9;76;19;99;41;-;41;979.7;-
12;2.00;0.0;8.7;75;19;88;40;-;41;979.7;-
12;3.00;0.0;8.2;77;21;88;48;-;41;979.7;-
12;4.00;0.0;7.9;76;20;89;44;-;41;979.7;-
12;5.00;0.0;7.6;78;19;77;41;-;52;979.7;-
12;6.00;0.0;7.4;79;19;81;44;-;94;980.1;-
12;7.00;0.0;7.7;80;18;100;41;-;186;980.1;-
12;8.00;0.0;8.2;75;17;69;41;-;395;980.3;-
12;9.00;0.0;8.4;75;15;87;36;-;320;981.1;-
12;10.00;0.0;8.7;73;14;98;36;-;434;981.1;-
12;11.00;0.0;9.3;70;14;99;31;-;683;980.7;-
12;12.00;0.0;9.5;70;12;80;30;-;676;980.6;-
12;13.00;0.0;9.9;70;11;87;26;-;691;980.6;-
12;14.00;0.6;9.1;76;13;89;30;-;651;980.6;-
12;15.00;0.6;8.4;83;14;86;30;-;486;980.2;-
12;16.00;0.2;7.9;83;15;82;36;-;365;980.6;-
12;17.00;0.4;7.3;84;15;79;33;-;208;980.6;-
12;18.00;0.2;7.2;81;15;81;36;-;71;980.6;-
12;19.00;0.0;7.2;77;18;81;43;-;41;981.1;-
12;20.00;0.2;7.2;76;21;71;45;-;40;981.4;-
12;21.00;0.0;7.4;71;22;77;49;-;41;981.6;-
12;22.00;0.0;7.3;71;19;67;45;-;41;982.1;-
12;23.00;0.2;6.9;76;20;80;45;-;41;982.4;-
12;24.00;0.2;6.8;75;18;78;41;-;41;982.0;-
13;1.00;0.2;6.2;81;18;75;38;-;41;982.0;-
13;2.00;0.4;6.2;80;18;76;36;-;41;981.6;-
13;3.00;0.2;5.8;83;15;79;39;-;41;981.6;-
13;4.00;0.0;5.9;80;17;89;38;-;41;981.1;-
13;5.00;0.0;5.9;81;19;89;44;-;53;981.1;-
13;6.00;0.0;6.2;78;17;86;36;-;150;981.6;-
13;7.00;0.0;6.4;75;17;93;37;-;160;981.7;-
13;8.00;0.0;7.2;70;19;85;46;-;247;982.0;-
13;9.00;0.0;8.4;64;19;95;46;-;623;982.5;-
13;10.00;0.0;10.8;59;18;96;44;-;1588;982.0;-
13;11.00;0.0;11.2;52;18;85;37;-;1712;982.0;-
13;12.00;0.0;11.3;49;18;82;39;-;1256;982.0;-
13;13.00;0.0;11.9;45;18;76;37;-;1426;982.0;-
13;14.00;0.0;11.8;46;17;93;40;-;1237;981.6;-
13;15.00;0.0;12.5;47;18;79;43;-;1364;981.1;-
13;16.00;0.0;11.5;47;20;82;45;-;1270;981.0;-
13;17.00;0.0;10.0;50;16;81;40;-;359;980.6;-
13;18.00;0.0;9.6;54;14;75;33;-;98;981.1;-
13;19.00;0.0;9.0;57;18;84;40;-;41;981.6;-
13;20.00;0.0;8.6;61;19;87;45;-;40;982.0;-
13;21.00;0.0;8.2;63;19;79;52;-;41;982.0;-
13;22.00;0.0;8.0;65;18;83;37;-;41;981.6;-
13;23.00;0.0;7.9;66;19;74;38;-;41;981.4;-
13;24.00;0.0;7.6;68;21;88;45;-;41;980.7;-
14;1.00;0.0;7.2;71;19;79;48;-;41;980.6;-
14;2.00;0.0;7.0;72;19;74;36;-;40;980.1;-
14;3.00;0.0;6.8;73;17;82;42;-;40;979.7;-
14;4.00;0.0;6.7;74;16;85;39;-;41;980.1;-
14;5.00;0.0;6.6;76;18;76;42;-;48;980.1;-
14;6.00;0.0;7.0;73;17;80;37;-;170;980.2;-
14;7.00;0.0;7.5;72;20;83;48;-;441;980.2;-
14;8.00;0.0;8.3;68;20;94;50;-;760;980.6;-
14;9.00;0.0;9.1;66;21;96;45;-;1138;980.6;-
14;10.00;0.0;9.6;64;19;80;43;-;1289;980.6;-
14;11.00;0.0;10.9;60;19;86;43;-;1913;980.6;-
14;12.00;0.0;11.5;59;21;93;49;-;2241;980.6;-
14;13.00;0.0;12.4;58;19;87;48;-;2123;980.6;-
14;14.00;0.0;12.2;56;20;86;42;-;2331;980.6;-
14;15.00;0.0;12.0;56;22;85;56;-;2056;980.1;-
14;16.00;0.0;10.7;59;22;91;47;-;1016;980.1;-
14;17.00;0.0;10.0;64;22;87;50;-;554;980.2;-
14;18.00;0.0;8.9;67;24;79;58;-;144;980.9;-
14;19.00;0.0;8.9;69;22;93;46;-;41;982.0;-
14;20.00;0.0;8.5;75;21;81;46;-;41;982.5;-
14;21.00;0.0;8.4;76;23;89;53;-;41;983.0;-
14;22.00;0.0;8.4;75;19;81;43;-;40;983.0;-
14;23.00;0.0;8.7;74;20;78;43;-;39;983.0;-
14;24.00;0.0;8.6;75;18;74;41;-;41;983.0;-
15;1.00;0.0;8.7;73;19;76;43;-;41;983.0;-
15;2.00;0.0;9.2;72;20;102;43;-;41;984.0;-
15;3.00;0.0;8.9;72;13;92;26;-;41;983.9;-
15;4.00;0.0;8.8;72;17;71;44;-;41;984.4;-
15;5.00;0.0;9.0;73;13;73;33;-;115;984.9;-
15;6.00;0.0;10.1;71;10;68;33;-;373;985.8;-
15;7.00;0.0;12.3;60;13;54;32;-;1076;985.8;-
15;8.00;0.0;12.4;55;20;54;44;-;1242;986.3;-
15;9.00;0.0;13.9;51;14;40;33;-;1526;986.7;-
15;10.00;0.0;14.4;49;15;43;33;-;1599;986.4;-
15;11.00;0.0;15.7;43;15;54;33;-;1948;986.3;-
15;12.00;0.0;16.3;41;17;49;38;-;2280;986.3;-
15;13.00;0.0;17.5;40;15;42;31;-;2487;985.8;-
15;14.00;0.0;17.4;35;14;83;45;-;2261;985.9;-
15;15.00;0.0;17.3;34;14;101;33;-;1958;985.4;-
15;16.00;0.0;16.9;32;15;81;37;-;1338;985.4;-
15;17.00;0.0;15.5;34;14;97;30;-;660;985.5;-
15;18.00;0.0;13.6;40;8;84;22;-;99;986.3;-
15;19.00;0.0;10.6;53;6;66;13;-;41;986.8;-
15;20.00;0.0;10.5;52;12;69;19;-;40;986.8;-
15;21.00;0.0;10.4;53;15;69;25;-;41;986.8;-
15;22.00;0.0;10.3;52;10;81;30;-;41;987.3;-
15;23.00;0.0;10.2;51;12;74;24;-;41;987.3;-
15;24.00;0.0;9.4;53;12;76;22;-;41;987.3;-
16;1.00;0.0;8.9;54;12;69;25;-;41;986.8;-
16;2.00;0.0;7.7;60;5;-;15;-;40;987.3;-
16;3.00;0.0;6.3;67;4;76;8;-;40;987.3;-
16;4.00;0.0;4.7;71;7;78;11;-;41;986.8;-
16;5.00;0.0;4.1;76;9;96;13;-;86;986.8;-
16;6.00;0.0;8.1;70;8;91;17;-;483;987.3;-
16;7.00;0.0;12.7;48;9;94;23;-;1203;987.3;-
16;8.00;0.0;14.6;38;9;129;22;-;1970;987.3;-
16;9.00;0.0;15.8;35;6;238;15;-;2537;987.3;-
16;10.00;0.0;16.8;33;10;246;21;-;2947;987.3;-
16;11.00;0.0;16.9;32;12;245;21;-;3136;986.6;-
16;12.00;0.0;17.1;33;14;252;27;-;3152;986.3;-
16;13.00;0.0;17.4;36;14;274;24;-;2923;985.9;-
16;14.00;0.0;17.3;37;12;262;22;-;2592;985.5;-
16;15.00;0.0;16.1;37;13;255;28;-;2012;985.8;-
16;16.00;0.0;15.7;38;11;261;21;-;1347;985.9;-
16;17.00;0.0;14.5;41;8;218;16;-;670;986.3;-
16;18.00;0.0;12.4;47;3;202;9;-;110;986.8;-
16;19.00;0.0;9.2;58;3;85;10;-;41;987.3;-
16;20.00;0.0;7.5;65;8;118;12;-;41;987.3;-
16;21.00;0.0;6.7;67;10;96;14;-;41;987.3;-
16;22.00;0.0;5.7;70;10;109;13;-;41;987.3;-
16;23.00;0.0;5.7;74;12;105;16;-;41;987.3;-
16;24.00;0.0;4.8;76;12;97;14;-;41;986.8;-
17;1.00;0.0;4.3;80;11;99;15;-;41;987.2;-
17;2.00;0.0;3.8;83;10;105;13;-;41;986.8;-
17;3.00;0.0;3.4;86;10;98;13;-;41;986.8;-
17;4.00;0.0;3.7;88;12;99;17;-;41;986.8;-
17;5.00;0.0;4.1;87;12;103;18;-;102;987.3;-
17;6.00;0.0;7.7;82;10;102;15;-;489;987.3;-
17;7.00;0.0;14.0;51;6;121;11;-;1196;987.3;-
17;8.00;0.0;17.4;33;6;130;16;-;1991;987.7;-
17;9.00;0.0;18.7;30;7;201;17;-;2482;987.8;-
17;10.00;0.0;18.5;31;9;274;19;-;3001;987.8;-
17;11.00;0.0;18.7;32;13;261;22;-;3340;987.7;-
17;12.00;0.0;19.4;42;13;273;27;-;3300;987.4;-
17;13.00;0.0;19.1;35;12;254;23;-;2983;987.0;-
17;14.00;0.0;18.9;38;11;279;23;-;2334;986.9;-
17;15.00;0.0;18.2;40;9;253;20;-;1766;986.9;-
17;16.00;0.0;17.4;40;8;240;14;-;1089;986.9;-
17;17.00;0.0;15.3;48;6;202;13;-;357;987.3;-
17;18.00;0.0;13.2;55;4;83;10;-;112;988.3;-
17;19.00;0.0;11.7;62;8;75;16;-;42;988.8;-
17;20.00;0.0;10.2;67;8;76;13;-;41;989.8;-
17;21.00;0.0;12.5;47;10;78;23;-;41;989.8;-
17;22.00;0.0;12.5;46;16;84;33;-;41;990.5;-
17;23.00;0.0;12.3;49;19;68;36;-;41;990.8;-
17;24.00;0.0;12.2;49;19;87;41;-;41;990.8;-
18;1.00;0.0;12.1;50;18;87;42;-;41;990.8;-
18;2.00;0.0;11.4;52;15;70;38;-;41;990.8;-
18;3.00;0.0;11.4;53;16;80;30;-;41;990.8;-
18;4.00;0.0;11.0;55;16;84;43;-;41;991.2;-
18;5.00;0.0;11.0;58;12;84;25;-;114;991.7;-
18;6.00;0.0;13.0;53;15;86;35;-;499;992.2;-
18;7.00;0.0;14.8;48;16;77;38;-;1276;992.2;-
18;8.00;0.0;16.5;44;20;81;42;-;2071;992.4;-
18;9.00;0.0;18.0;38;17;81;40;-;2819;992.2;-
18;10.00;0.0;19.1;37;15;62;33;-;3023;992.2;-
18;11.00;0.0;19.5;34;16;77;39;-;3090;992.2;-
18;12.00;0.0;20.5;32;16;55;38;-;3378;992.2;-
18;13.00;0.0;20.5;33;14;84;36;-;2851;992.2;-
18;14.00;0.0;20.6;29;14;93;32;-;2724;992.1;-
18;15.00;0.0;20.4;31;14;112;36;-;1991;992.2;-
18;16.00;0.0;17.8;38;8;264;18;-;1253;992.7;-
18;17.00;0.0;16.8;38;7;241;14;-;757;993.2;-
18;18.00;0.0;14.7;46;4;142;12;-;124;993.7;-
18;19.00;0.0;12.0;56;4;76;10;-;42;994.7;-
18;20.00;0.0;10.4;63;6;74;10;-;41;995.1;-
18;21.00;0.0;9.6;67;8;70;14;-;41;995.1;-
18;22.00;0.0;11.8;59;10;79;23;-;41;995.6;-
18;23.00;0.0;11.9;55;10;77;25;-;41;996.1;-
18;24.00;0.0;9.7;63;7;53;16;-;41;996.1;-
19;1.00;0.0;9.9;64;12;60;20;-;41;996.1;-
19;2.00;0.0;10.2;62;11;61;24;-;41;995.6;-
19;3.00;0.0;10.5;60;13;73;23;-;41;996.1;-
19;4.00;0.0;9.0;66;11;80;20;-;41;996.1;-
19;5.00;0.0;9.8;66;13;72;24;-;83;996.6;-
19;6.00;0.0;12.4;61;9;81;19;-;470;996.6;-
19;7.00;0.0;15.3;49;12;83;27;-;1329;997.1;-
19;8.00;0.0;17.2;41;15;78;29;-;2099;997.1;-
19;9.00;0.0;18.4;37;13;95;37;-;2662;997.1;-
19;10.00;0.0;19.2;34;10;61;28;-;3055;997.1;-
19;11.00;0.0;20.3;31;10;267;24;-;3344;996.6;-
19;12.00;0.0;20.5;31;12;252;25;-;3314;996.1;-
19;13.00;0.0;20.9;30;12;248;21;-;3166;995.6;-
19;14.00;0.0;18.9;34;13;242;25;-;2485;995.6;-
19;15.00;0.0;19.0;34;11;233;23;-;2135;995.1;-
19;16.00;0.0;18.3;33;8;245;16;-;1439;995.1;-
19;17.00;0.0;17.5;34;5;184;12;-;769;995.1;-
19;18.00;0.0;15.0;40;4;131;8;-;107;995.1;-
19;19.00;0.0;11.4;53;7;97;10;-;42;995.6;-
19;20.00;0.0;9.5;63;9;110;13;-;41;996.1;-
19;21.00;0.0;8.4;69;11;107;14;-;41;996.1;-
19;22.00;0.0;7.5;72;11;96;15;-;41;996.1;-
19;23.00;0.0;7.1;74;12;102;15;-;40;996.1;-
19;24.00;0.0;6.5;76;12;112;15;-;41;995.6;-
20;1.00;0.0;6.2;79;12;97;16;-;41;995.1;-
20;2.00;0.0;5.5;82;12;106;16;-;41;995.1;-
20;3.00;0.0;5.8;84;14;110;18;-;41;994.7;-
20;4.00;0.0;6.6;81;12;86;18;-;41;994.7;-
20;5.00;0.0;7.7;77;12;81;18;-;88;994.7;-
20;6.00;0.0;11.9;67;9;76;15;-;502;995.1;-
20;7.00;0.0;17.3;47;5;72;13;-;1339;995.1;-
20;8.00;0.0;20.2;34;9;101;22;-;2106;995.1;-
20;9.00;0.0;21.4;25;9;95;23;-;2651;994.7;-
20;10.00;0.0;22.5;22;8;55;25;-;3049;994.7;-
20;11.00;0.0;22.6;22;7;85;22;-;3266;994.2;-
20;12.00;0.0;23.3;22;8;18;26;-;3275;993.7;-
20;13.00;0.0;23.6;21;9;54;24;-;3074;993.2;-
20;14.00;0.0;24.1;19;8;104;24;-;2676;992.6;-
20;15.00;0.0;21.1;32;9;200;22;-;2133;992.2;-
20;16.00;0.0;19.8;32;10;228;22;-;1476;992.2;-
20;17.00;0.0;18.6;33;7;217;15;-;782;991.7;-
20;18.00;0.0;15.9;43;4;306;11;-;122;992.2;-
20;19.00;0.0;12.2;54;4;114;11;-;42;992.7;-
20;20.00;0.0;10.1;63;8;107;13;-;41;992.7;-
20;21.00;0.0;9.3;67;10;102;14;-;41;992.7;-
20;22.00;0.0;8.6;69;11;100;15;-;40;992.7;-
20;23.00;0.0;8.4;69;10;78;14;-;41;992.2;-
20;24.00;0.0;7.8;69;10;100;13;-;41;992.2;-
21;1.00;0.0;7.4;70;8;89;14;-;41;991.7;-
21;2.00;0.0;7.5;69;9;75;12;-;41;991.3;-
21;3.00;0.0;8.0;68;9;96;14;-;41;990.3;-
21;4.00;0.0;7.6;69;9;96;14;-;42;990.3;-
21;5.00;0.0;8.6;66;9;90;15;-;136;989.8;-
21;6.00;0.0;11.2;62;7;100;12;-;419;989.8;-
21;7.00;0.0;17.2;36;8;59;15;-;1432;989.8;-
21;8.00;0.0;20.2;24;7;126;17;-;2228;989.3;-
21;9.00;0.0;19.8;32;6;211;15;-;1770;989.3;-
21;10.00;0.0;19.7;30;9;257;19;-;2616;989.3;-
21;11.00;0.0;18.3;33;11;253;22;-;3151;989.1;-
21;12.00;0.0;19.3;30;11;281;23;-;3380;988.8;-
21;13.00;0.0;19.4;26;12;243;21;-;3091;988.3;-
21;14.00;0.0;18.5;36;11;254;19;-;2580;988.3;-
21;15.00;0.0;18.0;35;12;242;26;-;2001;987.8;-
21;16.00;0.0;17.6;35;8;255;20;-;1330;987.4;-
21;17.00;0.0;16.8;32;5;300;10;-;634;986.9;-
21;18.00;0.0;14.4;43;3;345;6;-;168;986.9;-
21;19.00;0.0;10.6;54;-;104;-;-;42;987.3;-
21;20.00;0.0;9.0;61;9;92;13;-;41;987.3;-
21;21.00;0.0;7.9;67;10;109;14;-;41;987.3;-
21;22.00;0.0;7.1;69;10;125;15;-;41;987.3;-
21;23.00;0.0;6.5;73;10;104;15;-;41;987.4;-
21;24.00;0.0;6.5;73;12;91;16;-;41;986.9;-
22;1.00;0.0;6.3;72;12;107;16;-;40;986.4;-
22;2.00;0.0;6.0;74;11;96;15;-;41;985.9;-
22;3.00;0.0;5.0;77;11;101;15;-;41;985.3;-
22;4.00;0.0;4.7;79;12;85;16;-;42;984.9;-
22;5.00;0.0;4.6;84;9;109;12;-;116;984.9;-
22;6.00;0.0;8.5;85;8;85;13;-;477;984.6;-
22;7.00;0.0;14.8;65;3;129;8;-;1438;984.4;-
22;8.00;0.0;16.9;52;9;192;22;-;1989;984.0;-
22;9.00;0.0;18.2;42;9;195;20;-;2646;983.5;-
22;10.00;0.0;18.7;50;8;260;22;-;3030;983.0;-
22;11.00;0.0;19.2;49;8;297;19;-;3215;982.1;-
22;12.00;0.0;17.9;61;12;276;24;-;3139;982.1;-
22;13.00;0.0;16.8;67;14;281;27;-;2876;981.6;-
22;14.00;0.0;16.3;67;13;279;25;-;2290;981.6;-
22;15.00;0.0;15.7;71;12;297;23;-;1417;980.7;-
22;16.00;0.0;15.3;71;9;347;16;-;562;980.6;-
22;17.00;0.0;15.3;72;6;292;14;-;309;980.2;-
22;18.00;0.0;14.4;76;6;-;13;-;106;980.2;-
22;19.00;0.0;13.8;80;-;193;-;-;41;980.6;-
22;20.00;0.0;13.6;82;3;96;6;-;41;980.6;-
22;21.00;0.0;13.1;84;5;88;9;-;41;980.1;-
22;22.00;0.0;12.2;82;5;137;9;-;41;979.5;-
22;23.00;0.0;12.3;83;4;130;12;-;41;979.2;-
22;24.00;0.0;12.3;87;6;79;10;-;41;978.2;-
23;1.00;0.2;11.9;93;5;151;10;-;41;977.8;-
23;2.00;1.2;11.5;98;6;74;10;-;41;977.3;-
23;3.00;2.4;11.2;98;5;103;13;-;41;976.8;-
23;4.00;1.0;11.2;98;3;36;6;-;41;976.8;-
23;5.00;0.4;11.0;98;4;72;10;-;53;976.3;-
23;6.00;1.8;11.0;98;6;79;12;-;91;976.3;-
23;7.00;2.4;11.0;98;6;77;15;-;100;976.3;-
23;8.00;0.0;11.2;99;8;76;20;-;146;976.0;-
23;9.00;0.0;11.8;98;7;103;15;-;236;976.3;-
23;10.00;0.2;11.9;98;8;126;22;-;226;976.3;-
23;11.00;0.0;12.4;98;6;75;16;-;290;976.3;-
23;12.00;0.6;12.1;98;8;105;16;-;167;976.3;-
23;13.00;3.4;11.6;98;7;72;15;-;125;976.6;-
23;14.00;0.0;11.7;98;9;126;19;-;117;976.3;-
23;15.00;0.6;11.9;98;5;197;11;-;90;976.8;-
23;16.00;5.8;12.0;98;6;94;12;-;97;976.8;-
23;17.00;4.6;11.8;98;8;102;15;-;94;977.3;-
23;18.00;0.8;11.7;98;8;107;19;-;80;977.3;-
23;19.00;0.0;11.9;98;6;82;16;-;42;977.7;-
23;20.00;1.2;12.2;98;7;103;24;-;41;978.2;-
23;21.00;0.2;13.1;98;12;139;27;-;41;978.2;-
23;22.00;0.6;13.6;98;14;150;27;-;42;978.2;-
23;23.00;0.0;14.1;98;15;146;36;-;41;978.7;-
23;24.00;0.0;14.4;94;15;150;30;-;42;979.2;-
24;1.00;0.0;14.4;94;15;151;32;-;42;979.2;-
24;2.00;0.0;14.3;94;14;146;33;-;42;979.7;-
24;3.00;0.0;14.2;96;17;154;36;-;42;980.1;-
24;4.00;2.0;13.5;98;14;159;31;-;42;980.6;-
24;5.00;0.2;13.3;98;13;143;30;-;54;980.9;-
24;6.00;0.0;13.7;98;16;153;31;-;119;981.6;-
24;7.00;0.0;14.3;95;15;154;28;-;206;982.1;-
24;8.00;0.0;15.0;90;16;153;30;-;513;982.5;-
24;9.00;0.0;16.0;89;14;166;28;-;902;983.0;-
24;10.00;0.0;17.7;80;15;148;31;-;1955;983.5;-
24;11.00;0.0;18.6;74;15;164;31;-;1936;983.5;-
24;12.00;0.0;18.1;74;12;200;32;-;1394;983.5;-
24;13.00;0.0;18.2;73;12;204;24;-;1160;983.6;-
24;14.00;0.0;18.7;70;7;201;18;-;1170;983.5;-
24;15.00;0.0;18.8;69;8;206;21;-;1209;984.0;-
24;16.00;0.0;18.2;74;6;196;20;-;842;984.0;-
24;17.00;0.0;17.4;71;11;166;22;-;556;984.0;-
24;18.00;0.0;15.9;80;12;178;29;-;94;984.4;-
24;19.00;0.0;15.3;85;10;183;22;-;42;984.4;-
24;20.00;0.0;14.7;89;6;189;17;-;42;984.9;-
24;21.00;0.0;14.4;90;6;130;16;-;42;985.4;-
24;22.00;0.0;13.9;94;3;147;11;-;42;985.4;-
24;23.00;0.0;13.7;92;6;67;17;-;42;985.4;-
24;24.00;0.0;13.3;98;4;186;11;-;41;985.4;-
25;1.00;0.0;13.1;98;4;132;13;-;41;985.4;-
25;2.00;0.0;12.0;98;5;101;10;-;41;985.9;-
25;3.00;0.0;13.3;96;7;157;14;-;42;986.4;-
25;4.00;0.0;13.0;91;6;88;13;-;42;985.9;-
25;5.00;0.0;12.2;98;5;124;19;-;97;986.4;-
25;6.00;0.0;15.0;93;9;161;22;-;506;986.8;-
25;7.00;0.0;17.2;79;15;154;31;-;1423;987.3;-
25;8.00;0.0;18.9;71;14;173;29;-;2150;987.3;-
25;9.00;0.0;19.9;66;12;212;25;-;2586;987.8;-
25;10.00;0.0;20.1;66;9;246;22;-;2914;987.8;-
25;11.00;0.0;20.2;66;8;287;20;-;2794;987.8;-
25;12.00;0.0;20.7;67;9;292;26;-;3046;987.6;-
25;13.00;0.0;20.0;71;12;295;22;-;2897;987.3;-
25;14.00;0.0;19.9;70;10;296;19;-;2526;986.8;-
25;15.00;0.0;19.8;73;10;297;19;-;1778;986.8;-
25;16.00;0.0;16.7;85;10;288;19;-;1056;986.9;-
25;17.00;0.0;16.4;92;5;292;11;-;493;986.4;-
25;18.00;0.0;15.3;98;5;-;10;-;123;986.4;-
25;19.00;0.0;15.1;98;-;84;-;-;42;986.6;-
25;20.00;0.0;14.4;98;4;90;8;-;42;986.4;-
25;21.00;0.0;13.5;98;4;111;7;-;41;985.9;-
25;22.00;0.0;12.9;98;5;129;10;-;41;985.9;-
25;23.00;0.0;12.5;98;7;108;10;-;41;985.5;-
25;24.00;0.0;12.1;98;7;78;10;-;41;985.4;-
26;1.00;0.0;11.3;98;6;103;11;-;41;984.9;-
26;2.00;0.0;10.7;98;6;127;11;-;41;984.4;-
26;3.00;0.0;10.4;98;6;101;10;-;41;984.0;-
26;4.00;0.2;10.6;98;8;115;12;-;42;984.0;-
26;5.00;0.0;11.4;98;8;94;11;-;142;984.0;-
26;6.00;0.0;14.4;98;7;151;20;-;520;983.5;-
26;7.00;0.0;17.6;75;11;196;29;-;1191;983.4;-
26;8.00;0.0;18.5;70;9;236;20;-;1339;983.5;-
26;9.00;0.0;19.3;69;7;245;15;-;2025;983.5;-
26;10.00;0.0;19.7;65;7;188;18;-;2064;983.0;-
26;11.00;0.0;21.3;61;11;211;25;-;2245;983.0;-
26;12.00;0.0;18.9;68;10;272;30;-;2310;983.5;-
26;13.00;0.0;18.7;70;6;200;17;-;1070;983.5;-
26;14.00;0.0;16.9;72;15;164;35;-;509;983.0;-
26;15.00;0.0;16.8;75;10;172;27;-;522;982.5;-
26;16.00;0.0;16.7;76;12;191;26;-;728;982.1;-
26;17.00;0.0;16.9;75;11;175;27;-;798;981.6;-
26;18.00;0.0;15.5;79;13;171;26;-;222;981.6;-
26;19.00;0.0;15.1;82;12;174;23;-;45;981.6;-
26;20.00;0.2;14.9;85;10;162;22;-;42;982.1;-
26;21.00;0.0;14.4;89;9;180;22;-;42;982.1;-
26;22.00;0.0;12.3;77;10;340;30;-;41;982.5;-
26;23.00;0.0;11.2;83;9;115;32;-;41;982.1;-
26;24.00;0.0;10.5;88;8;100;14;-;41;981.6;-
27;1.00;0.0;9.1;91;8;80;12;-;41;981.6;-
27;2.00;0.0;8.1;97;7;93;11;-;41;981.6;-
27;3.00;0.0;8.3;98;8;109;14;-;41;981.6;-
27;4.00;0.0;6.9;98;8;95;12;-;42;981.6;-
27;5.00;0.0;7.1;98;8;99;12;-;101;982.1;-
27;6.00;0.2;10.7;98;5;148;10;-;559;982.5;-
27;7.00;0.0;13.4;91;6;188;15;-;898;982.5;-
27;8.00;0.0;14.8;78;6;233;13;-;1609;982.8;-
27;9.00;0.0;16.2;71;7;257;15;-;2363;982.6;-
27;10.00;0.0;16.5;59;9;68;20;-;3144;983.0;-
27;11.00;0.0;16.4;53;7;141;21;-;2597;983.0;-
27;12.00;0.0;17.0;59;11;253;22;-;3239;983.0;-
27;13.00;0.0;16.3;64;8;211;18;-;1819;982.6;-
27;14.00;0.0;17.4;53;10;231;18;-;2757;982.5;-
27;15.00;0.0;16.6;54;9;256;20;-;1870;982.5;-
27;16.00;0.0;15.9;64;7;240;14;-;1048;982.5;-
27;17.00;0.0;15.7;58;5;269;13;-;847;982.5;-
27;18.00;0.0;13.6;71;-;146;-;-;166;982.6;-
27;19.00;0.0;10.4;77;8;114;13;-;45;983.0;-
27;20.00;0.0;8.9;87;9;97;14;-;41;983.0;-
27;21.00;0.0;8.5;90;10;98;15;-;41;983.0;-
27;22.00;0.0;8.7;89;9;104;14;-;41;983.0;-
27;23.00;0.0;7.9;91;10;141;15;-;41;983.0;-
27;24.00;0.0;6.9;94;9;85;13;-;41;982.5;-
28;1.00;0.0;6.5;98;10;93;14;-;41;982.5;-
28;2.00;0.0;6.3;98;9;86;13;-;41;982.1;-
28;3.00;0.0;6.6;98;10;101;16;-;41;981.7;-
28;4.00;0.0;6.7;98;9;91;14;-;43;981.6;-
28;5.00;0.0;8.2;91;10;87;18;-;172;981.1;-
28;6.00;0.0;10.3;86;10;110;17;-;366;981.1;-
28;7.00;0.0;11.4;76;10;114;24;-;360;981.1;-
28;8.00;0.0;10.7;88;9;96;21;-;364;982.0;-
28;9.00;0.0;11.0;87;12;89;25;-;636;982.1;-
28;10.00;0.4;11.0;91;10;74;25;-;611;981.6;-
28;11.00;0.0;10.5;84;14;72;33;-;309;980.6;-
28;12.00;1.0;9.5;93;14;78;31;-;194;980.1;-
28;13.00;1.2;9.2;94;14;90;33;-;180;979.2;-
28;14.00;5.4;9.2;98;12;98;39;-;126;980.5;-
28;15.00;6.0;9.0;98;10;72;21;-;109;980.1;-
28;16.00;3.0;9.1;98;13;89;24;-;276;979.7;-
28;17.00;0.0;9.1;98;9;132;21;-;127;980.1;-
28;18.00;2.0;8.9;98;7;104;16;-;57;980.6;-
28;19.00;3.6;8.6;98;8;108;16;-;41;981.1;-
28;20.00;2.4;8.5;99;5;98;10;-;41;981.1;-
28;21.00;1.8;8.4;98;5;91;10;-;41;981.1;-
28;22.00;1.2;8.4;98;3;130;5;-;41;981.1;-
28;23.00;1.2;8.3;98;-;326;-;-;41;981.1;-
28;24.00;2.0;8.3;98;3;339;5;-;41;981.1;-
29;1.00;0.8;8.1;99;7;73;25;-;41;980.6;-
29;2.00;0.4;7.8;95;9;116;24;-;41;980.6;-
29;3.00;0.0;7.6;89;10;111;24;-;41;980.1;-
29;4.00;0.0;7.3;98;5;292;24;-;41;980.2;-
29;5.00;0.0;7.0;98;3;235;6;-;51;980.8;-
29;6.00;0.0;7.0;98;5;326;12;-;97;981.1;-
29;7.00;0.0;7.2;98;8;7;19;-;241;981.1;-
29;8.00;0.0;8.3;96;12;7;22;-;607;981.1;-
29;9.00;0.0;9.3;90;6;335;13;-;743;981.2;-
29;10.00;0.0;9.9;86;5;319;9;-;818;981.1;-
29;11.00;0.0;9.6;90;6;326;14;-;510;981.1;-
29;12.00;0.0;10.3;91;5;320;11;-;640;981.1;-
29;13.00;0.0;11.2;76;4;52;12;-;877;980.9;-
29;14.00;0.0;11.1;78;7;69;15;-;701;980.6;-
29;15.00;0.0;11.8;74;6;45;12;-;930;980.4;-
29;16.00;0.0;12.1;67;7;67;17;-;756;980.1;-
29;17.00;0.0;11.6;77;5;20;12;-;331;980.1;-
29;18.00;0.0;10.2;79;5;3;11;-;124;980.6;-
29;19.00;0.0;9.5;88;4;112;8;-;42;981.1;-
29;20.00;0.0;8.7;94;3;103;6;-;41;981.4;-
29;21.00;0.0;8.2;95;4;130;7;-;41;981.1;-
29;22.00;0.0;7.7;96;5;35;9;-;41;981.1;-
29;23.00;0.0;7.3;98;-;348;-;-;41;981.1;-
29;24.00;0.0;7.2;98;5;98;8;-;41;980.6;-
30;1.00;0.0;6.8;98;7;92;11;-;41;980.1;-
30;2.00;0.0;6.6;99;8;97;11;-;41;980.1;-
30;3.00;0.0;6.6;98;8;98;10;-;41;980.1;-
30;4.00;0.0;6.8;98;8;81;10;-;42;980.1;-
30;5.00;0.0;7.1;98;6;106;9;-;126;980.1;-
30;6.00;0.0;8.8;98;5;104;8;-;416;979.8;-
30;7.00;0.0;11.6;82;5;149;17;-;1292;980.1;-
30;8.00;0.0;12.5;75;4;213;10;-;1363;980.1;-
30;9.00;0.0;13.2;70;6;235;14;-;1850;980.2;-
30;10.00;0.0;14.0;69;7;222;12;-;1976;980.1;-
30;11.00;0.0;14.2;64;7;246;13;-;2185;980.1;-
30;12.00;0.0;13.4;70;7;258;15;-;1080;979.7;-
30;13.00;0.0;14.9;66;6;272;12;-;1655;979.7;-
30;14.00;0.0;15.4;65;6;287;11;-;1170;979.2;-
30;15.00;0.0;15.8;66;9;313;18;-;1305;979.3;-
30;16.00;0.0;15.0;71;8;353;16;-;694;979.7;-
30;17.00;0.0;14.5;75;4;84;9;-;434;979.7;-
30;18.00;0.0;13.2;73;5;93;12;-;169;980.1;-
30;19.00;0.0;12.0;82;3;68;9;-;45;980.6;-
30;20.00;0.0;10.9;84;5;96;8;-;41;981.1;-
30;21.00;0.0;10.3;88;6;104;10;-;41;981.1;-
30;22.00;0.0;9.8;91;6;98;8;-;41;981.1;-
30;23.00;0.0;8.9;92;6;113;10;-;41;981.1;-
30;24.00;0.0;8.3;98;7;106;11;-;41;981.1;-
NOTA BENE: l'utilizzo dei dati e delle informazioni disponibili in questa pagina web e relative sottopagine e' soggetto alle condizioni e limitazioni descritte nelle note legali, che l'utente implicitamente accetta
* ora UTC (ora di Greenwich): per ottenere quella locale bisogna aggiungere 1 o 2 ore rispettivamente nel caso in cui sia in vigore l'ora solare o quella legale
ARPA FVG - OSMER: pagina generata il 07-05-2019 alle 12:03